example_id,domain,variant_code,direct_identifier_retained,quasi_identifier_retained,task_fact_retention,qa_answerability,contradiction_or_hallucination,privacy_utility_overlap,notes
clinical_0005,clinical,A,,,,,,,
clinical_0005,clinical,B,,,,,,,
clinical_0005,clinical,C,,,,,,,
clinical_0006,clinical,A,,,,,,,
clinical_0006,clinical,B,,,,,,,
clinical_0006,clinical,C,,,,,,,
clinical_0009,clinical,A,,,,,,,
clinical_0009,clinical,B,,,,,,,
clinical_0009,clinical,C,,,,,,,
clinical_0011,clinical,A,,,,,,,
clinical_0011,clinical,B,,,,,,,
clinical_0011,clinical,C,,,,,,,
clinical_0017,clinical,A,,,,,,,
clinical_0017,clinical,B,,,,,,,
clinical_0017,clinical,C,,,,,,,
clinical_0023,clinical,A,,,,,,,
clinical_0023,clinical,B,,,,,,,
clinical_0023,clinical,C,,,,,,,
clinical_0029,clinical,A,,,,,,,
clinical_0029,clinical,B,,,,,,,
clinical_0029,clinical,C,,,,,,,
clinical_0031,clinical,A,,,,,,,
clinical_0031,clinical,B,,,,,,,
clinical_0031,clinical,C,,,,,,,
clinical_0035,clinical,A,,,,,,,
clinical_0035,clinical,B,,,,,,,
clinical_0035,clinical,C,,,,,,,
clinical_0041,clinical,A,,,,,,,
clinical_0041,clinical,B,,,,,,,
clinical_0041,clinical,C,,,,,,,
clinical_0053,clinical,A,,,,,,,
clinical_0053,clinical,B,,,,,,,
clinical_0053,clinical,C,,,,,,,
clinical_0055,clinical,A,,,,,,,
clinical_0055,clinical,B,,,,,,,
clinical_0055,clinical,C,,,,,,,
clinical_0059,clinical,A,,,,,,,
clinical_0059,clinical,B,,,,,,,
clinical_0059,clinical,C,,,,,,,
clinical_0065,clinical,A,,,,,,,
clinical_0065,clinical,B,,,,,,,
clinical_0065,clinical,C,,,,,,,
clinical_0071,clinical,A,,,,,,,
clinical_0071,clinical,B,,,,,,,
clinical_0071,clinical,C,,,,,,,
legal_0002,legal,A,,,,,,,
legal_0002,legal,B,,,,,,,
legal_0002,legal,C,,,,,,,
legal_0005,legal,A,,,,,,,
legal_0005,legal,B,,,,,,,
legal_0005,legal,C,,,,,,,
legal_0006,legal,A,,,,,,,
legal_0006,legal,B,,,,,,,
legal_0006,legal,C,,,,,,,
legal_0016,legal,A,,,,,,,
legal_0016,legal,B,,,,,,,
legal_0016,legal,C,,,,,,,
legal_0018,legal,A,,,,,,,
legal_0018,legal,B,,,,,,,
legal_0018,legal,C,,,,,,,
legal_0025,legal,A,,,,,,,
legal_0025,legal,B,,,,,,,
legal_0025,legal,C,,,,,,,
legal_0042,legal,A,,,,,,,
legal_0042,legal,B,,,,,,,
legal_0042,legal,C,,,,,,,
legal_0046,legal,A,,,,,,,
legal_0046,legal,B,,,,,,,
legal_0046,legal,C,,,,,,,
legal_0053,legal,A,,,,,,,
legal_0053,legal,B,,,,,,,
legal_0053,legal,C,,,,,,,
legal_0054,legal,A,,,,,,,
legal_0054,legal,B,,,,,,,
legal_0054,legal,C,,,,,,,
legal_0055,legal,A,,,,,,,
legal_0055,legal,B,,,,,,,
legal_0055,legal,C,,,,,,,
legal_0056,legal,A,,,,,,,
legal_0056,legal,B,,,,,,,
legal_0056,legal,C,,,,,,,
legal_0062,legal,A,,,,,,,
legal_0062,legal,B,,,,,,,
legal_0062,legal,C,,,,,,,
legal_0063,legal,A,,,,,,,
legal_0063,legal,B,,,,,,,
legal_0063,legal,C,,,,,,,
legal_0070,legal,A,,,,,,,
legal_0070,legal,B,,,,,,,
legal_0070,legal,C,,,,,,,
